"","V1","V2","V3","V4","V5","V6","V7","V8","V9","V10","V11","V12","V13","V14","V15","V16","V17","V18","V19","V20","V21","V22","V23","V24","V25","V26","V27","V28","V29","V30","V31","V32","V33","V34","V35","V36","V37","V38","V39","V40","V41","V42","V43","V44","V45","V46","V47","V48","V49","V50","V51","V52","V53","V54","V55","V56","V57","V58","V59","V60","V61","V62","V63","V64","V65","V66","V67","V68","V69","V70","V71","V72","V73","V74","V75","V76","V77","V78","V79","V80","V81","V82","V83","V84","V85","V86","V87","V88","V89"
"1",NA,"EV FO","EV FO","EV FO","EV FO","EV FO","EV FO","EV FO","EV FO","EV FO","EV FO","EV FO","EV FO","EV FO","EV FO","EV FO","EV FO","EV FO","EV FO","EV FO","EV FO","EV FO","EV FO","EV FO","EV FO","EV FO","EV FO","EV FO","EV FO","EV FO","EV FO","EV FO","EV FO","EV FO","EV FO","EV FO","EV FO","EV FO","EV FO","EV FO","EV FO","EV FO","EV FO","EV FO","EV FO","EV FO","EV FO","EV FO","EV FO","EV FO","EV FO","EV FO","EV FO","EV FO","EV FO","EV FO","EV FO","EV FO","EV FO","EV FO","EV FO","EV FO","EV FO","EV FO","EV FO","EV FO","EV FO","EV FO","EV FO","EV FO","EV FO","EV FO","EV FO","EV FO","EV FO","EV FO","EV FO","EV FO","EV FO","EV FO","EV FO","EV FO","EV FO","EV FO","EV FO","EV FO","EV FO","EV FO","EV FO"
"2",NA,"BkS/60","BkS/60","BkS/60","BkS/60","BkS/60","BkS/60","BkS/60","BkS/60","BkS/60","BkS/60","BkS/60","BkS/60","BkS/60","BkS/60","BkS/60","BkS/60","BkS/60","BkS/60","BkS/60","BkS/60","BkS/60","BkS/60","BkS/60","BkS/60","BkS/60","BkS/60","BkS/60","BkS/60","BkS/60","BkS/60","BkS/60","BkS/60","BkS/60","BkS/60","BkS/60","BkS/60","BkS/60","BkS/60","BkS/60","BkS/60","BkS/60","BkS/60","BkS/60","BkS/60","BkS/60","BkS/60","BkS/60","BkS/60","BkS/60","BkS/60","BkS/60","BkS/60","BkS/60","BkS/60","BkS/60","BkS/60","BkS/60","BkS/60","BkS/60","BkS/60","BkS/60","BkS/60","BkS/60","BkS/60","BkS/60","BkS/60","BkS/60","BkS/60","BkS/60","BkS/60","BkS/60","BkS/60","BkS/60","BkS/60","BkS/60","BkS/60","BkS/60","BkS/60","BkS/60","BkS/60","BkS/60","BkS/60","BkS/60","BkS/60","BkS/60","BkS/60","BkS/60","BkS/60"
"3",NA,NA,"EV TOI/GP","EV TOI/GP","EV TOI/GP","EV TOI/GP","EV TOI/GP","EV TOI/GP","EV TOI/GP","EV TOI/GP","EV TOI/GP","EV TOI/GP","EV TOI/GP","EV TOI/GP","EV TOI/GP","EV TOI/GP","EV TOI/GP","EV TOI/GP","EV TOI/GP","EV TOI/GP","EV TOI/GP","EV TOI/GP","EV TOI/GP","EV TOI/GP","EV TOI/GP","EV TOI/GP","EV TOI/GP","EV TOI/GP","EV TOI/GP","EV TOI/GP","EV TOI/GP","EV TOI/GP","EV TOI/GP","EV TOI/GP","EV TOI/GP","EV TOI/GP","EV TOI/GP","EV TOI/GP","EV TOI/GP","EV TOI/GP","EV TOI/GP","EV TOI/GP","EV TOI/GP","EV TOI/GP","EV TOI/GP","EV TOI/GP","EV TOI/GP","EV TOI/GP","EV TOI/GP","EV TOI/GP","EV TOI/GP","EV TOI/GP","EV TOI/GP","EV TOI/GP","EV TOI/GP","EV TOI/GP","EV TOI/GP","EV TOI/GP","EV TOI/GP","EV TOI/GP","EV TOI/GP","EV TOI/GP","EV TOI/GP","EV TOI/GP","EV TOI/GP","EV TOI/GP","EV TOI/GP","EV TOI/GP","EV TOI/GP","EV TOI/GP","EV TOI/GP","EV TOI/GP","EV TOI/GP","EV TOI/GP","EV TOI/GP","EV TOI/GP","EV TOI/GP","EV TOI/GP","EV TOI/GP","EV TOI/GP","EV TOI/GP","EV TOI/GP","EV TOI/GP","EV TOI/GP","EV TOI/GP","EV TOI/GP","EV TOI/GP","EV TOI/GP","EV TOI/GP"
"4",NA,NA,NA,"EVG","EVG","EVG","EVG","EVG","EVG","EVG","EVG","EVG","EVG","EVG","EVG","EVG","EVG","EVG","EVG","EVG","EVG","EVG","EVG","EVG","EVG","EVG","EVG","EVG","EVG","EVG","EVG","EVG","EVG","EVG","EVG","EVG","EVG","EVG","EVG","EVG","EVG","EVG","EVG","EVG","EVG","EVG","EVG","EVG","EVG","EVG","EVG","EVG","EVG","EVG","EVG","EVG","EVG","EVG","EVG","EVG","EVG","EVG","EVG","EVG","EVG","EVG","EVG","EVG","EVG","EVG","EVG","EVG","EVG","EVG","EVG","EVG","EVG","EVG","EVG","EVG","EVG","EVG","EVG","EVG","EVG","EVG","EVG","EVG","EVG"
"5",NA,NA,NA,NA,"TkA/60","TkA/60","TkA/60","TkA/60","TkA/60","TkA/60","TkA/60","TkA/60","TkA/60","TkA/60","TkA/60","TkA/60","TkA/60","TkA/60","TkA/60","TkA/60","TkA/60","TkA/60","TkA/60","TkA/60","TkA/60","TkA/60","TkA/60","TkA/60","TkA/60","TkA/60","TkA/60","TkA/60","TkA/60","TkA/60","TkA/60","TkA/60","TkA/60","TkA/60","TkA/60","TkA/60","TkA/60","TkA/60","TkA/60","TkA/60","TkA/60","TkA/60","TkA/60","TkA/60","TkA/60","TkA/60","TkA/60","TkA/60","TkA/60","TkA/60","TkA/60","TkA/60","TkA/60","TkA/60","TkA/60","TkA/60","TkA/60","TkA/60","TkA/60","TkA/60","TkA/60","TkA/60","TkA/60","TkA/60","TkA/60","TkA/60","TkA/60","TkA/60","TkA/60","TkA/60","TkA/60","TkA/60","TkA/60","TkA/60","TkA/60","TkA/60","TkA/60","TkA/60","TkA/60","TkA/60","TkA/60","TkA/60","TkA/60","TkA/60","TkA/60"
"6",NA,NA,NA,NA,NA,"Major","Major","Major","Major","Major","Major","Major","Major","Major","Major","Major","Major","Major","Major","Major","Major","Major","Major","Major","Major","Major","Major","Major","Major","Major","Major","Major","Major","Major","Major","Major","Major","Major","Major","Major","Major","Major","Major","Major","Major","Major","Major","Major","Major","Major","Major","Major","Major","Major","Major","Major","Major","Major","Major","Major","Major","Major","Major","Major","Major","Major","Major","Major","Major","Major","Major","Major","Major","Major","Major","Major","Major","Major","Major","Major","Major","Major","Major","Major","Major","Major","Major","Major","Major"
"7",NA,NA,NA,NA,NA,NA,"SH TOI%","SH TOI%","SH TOI%","SH TOI%","SH TOI%","SH TOI%","SH TOI%","SH TOI%","SH TOI%","SH TOI%","SH TOI%","SH TOI%","SH TOI%","SH TOI%","SH TOI%","SH TOI%","SH TOI%","SH TOI%","SH TOI%","SH TOI%","SH TOI%","SH TOI%","SH TOI%","SH TOI%","SH TOI%","SH TOI%","SH TOI%","SH TOI%","SH TOI%","SH TOI%","SH TOI%","SH TOI%","SH TOI%","SH TOI%","SH TOI%","SH TOI%","SH TOI%","SH TOI%","SH TOI%","SH TOI%","SH TOI%","SH TOI%","SH TOI%","SH TOI%","SH TOI%","SH TOI%","SH TOI%","SH TOI%","SH TOI%","SH TOI%","SH TOI%","SH TOI%","SH TOI%","SH TOI%","SH TOI%","SH TOI%","SH TOI%","SH TOI%","SH TOI%","SH TOI%","SH TOI%","SH TOI%","SH TOI%","SH TOI%","SH TOI%","SH TOI%","SH TOI%","SH TOI%","SH TOI%","SH TOI%","SH TOI%","SH TOI%","SH TOI%","SH TOI%","SH TOI%","SH TOI%","SH TOI%","SH TOI%","SH TOI%","SH TOI%","SH TOI%","SH TOI%","SH TOI%"
"8",NA,NA,NA,NA,NA,NA,NA,"TkA","TkA","TkA","TkA","TkA","TkA","TkA","TkA","TkA","TkA","TkA","TkA","TkA","TkA","TkA","TkA","TkA","TkA","TkA","TkA","TkA","TkA","TkA","TkA","TkA","TkA","TkA","TkA","TkA","TkA","TkA","TkA","TkA","TkA","TkA","TkA","TkA","TkA","TkA","TkA","TkA","TkA","TkA","TkA","TkA","TkA","TkA","TkA","TkA","TkA","TkA","TkA","TkA","TkA","TkA","TkA","TkA","TkA","TkA","TkA","TkA","TkA","TkA","TkA","TkA","TkA","TkA","TkA","TkA","TkA","TkA","TkA","TkA","TkA","TkA","TkA","TkA","TkA","TkA","TkA","TkA","TkA"
"9",NA,NA,NA,NA,NA,NA,NA,NA,"Net Pen/60","Net Pen/60","Net Pen/60","Net Pen/60","Net Pen/60","Net Pen/60","Net Pen/60","Net Pen/60","Net Pen/60","Net Pen/60","Net Pen/60","Net Pen/60","Net Pen/60","Net Pen/60","Net Pen/60","Net Pen/60","Net Pen/60","Net Pen/60","Net Pen/60","Net Pen/60","Net Pen/60","Net Pen/60","Net Pen/60","Net Pen/60","Net Pen/60","Net Pen/60","Net Pen/60","Net Pen/60","Net Pen/60","Net Pen/60","Net Pen/60","Net Pen/60","Net Pen/60","Net Pen/60","Net Pen/60","Net Pen/60","Net Pen/60","Net Pen/60","Net Pen/60","Net Pen/60","Net Pen/60","Net Pen/60","Net Pen/60","Net Pen/60","Net Pen/60","Net Pen/60","Net Pen/60","Net Pen/60","Net Pen/60","Net Pen/60","Net Pen/60","Net Pen/60","Net Pen/60","Net Pen/60","Net Pen/60","Net Pen/60","Net Pen/60","Net Pen/60","Net Pen/60","Net Pen/60","Net Pen/60","Net Pen/60","Net Pen/60","Net Pen/60","Net Pen/60","Net Pen/60","Net Pen/60","Net Pen/60","Net Pen/60","Net Pen/60","Net Pen/60","Net Pen/60","Net Pen/60","Net Pen/60","Net Pen/60","Net Pen/60","Net Pen/60","Net Pen/60","Net Pen/60","Net Pen/60","Net Pen/60"
"10",NA,NA,NA,NA,NA,NA,NA,NA,NA,"On-Ice EV GF%","On-Ice EV GF%","On-Ice EV GF%","On-Ice EV GF%","On-Ice EV GF%","On-Ice EV GF%","On-Ice EV GF%","On-Ice EV GF%","On-Ice EV GF%","On-Ice EV GF%","On-Ice EV GF%","On-Ice EV GF%","On-Ice EV GF%","On-Ice EV GF%","On-Ice EV GF%","On-Ice EV GF%","On-Ice EV GF%","On-Ice EV GF%","On-Ice EV GF%","On-Ice EV GF%","On-Ice EV GF%","On-Ice EV GF%","On-Ice EV GF%","On-Ice EV GF%","On-Ice EV GF%","On-Ice EV GF%","On-Ice EV GF%","On-Ice EV GF%","On-Ice EV GF%","On-Ice EV GF%","On-Ice EV GF%","On-Ice EV GF%","On-Ice EV GF%","On-Ice EV GF%","On-Ice EV GF%","On-Ice EV GF%","On-Ice EV GF%","On-Ice EV GF%","On-Ice EV GF%","On-Ice EV GF%","On-Ice EV GF%","On-Ice EV GF%","On-Ice EV GF%","On-Ice EV GF%","On-Ice EV GF%","On-Ice EV GF%","On-Ice EV GF%","On-Ice EV GF%","On-Ice EV GF%","On-Ice EV GF%","On-Ice EV GF%","On-Ice EV GF%","On-Ice EV GF%","On-Ice EV GF%","On-Ice EV GF%","On-Ice EV GF%","On-Ice EV GF%","On-Ice EV GF%","On-Ice EV GF%","On-Ice EV GF%","On-Ice EV GF%","On-Ice EV GF%","On-Ice EV GF%","On-Ice EV GF%","On-Ice EV GF%","On-Ice EV GF%","On-Ice EV GF%","On-Ice EV GF%","On-Ice EV GF%","On-Ice EV GF%","On-Ice EV GF%","On-Ice EV GF%","On-Ice EV GF%","On-Ice EV GF%","On-Ice EV GF%","On-Ice EV GF%","On-Ice EV GF%","On-Ice EV GF%","On-Ice EV GF%","On-Ice EV GF%"
"11",NA,NA,NA,NA,NA,NA,NA,NA,NA,NA,"PP Shots","PP Shots","PP Shots","PP Shots","PP Shots","PP Shots","PP Shots","PP Shots","PP Shots","PP Shots","PP Shots","PP Shots","PP Shots","PP Shots","PP Shots","PP Shots","PP Shots","PP Shots","PP Shots","PP Shots","PP Shots","PP Shots","PP Shots","PP Shots","PP Shots","PP Shots","PP Shots","PP Shots","PP Shots","PP Shots","PP Shots","PP Shots","PP Shots","PP Shots","PP Shots","PP Shots","PP Shots","PP Shots","PP Shots","PP Shots","PP Shots","PP Shots","PP Shots","PP Shots","PP Shots","PP Shots","PP Shots","PP Shots","PP Shots","PP Shots","PP Shots","PP Shots","PP Shots","PP Shots","PP Shots","PP Shots","PP Shots","PP Shots","PP Shots","PP Shots","PP Shots","PP Shots","PP Shots","PP Shots","PP Shots","PP Shots","PP Shots","PP Shots","PP Shots","PP Shots","PP Shots","PP Shots","PP Shots","PP Shots","PP Shots","PP Shots","PP Shots","PP Shots","PP Shots"
"12",NA,NA,NA,NA,NA,NA,NA,NA,NA,NA,NA,"Hits/60","Hits/60","Hits/60","Hits/60","Hits/60","Hits/60","Hits/60","Hits/60","Hits/60","Hits/60","Hits/60","Hits/60","Hits/60","Hits/60","Hits/60","Hits/60","Hits/60","Hits/60","Hits/60","Hits/60","Hits/60","Hits/60","Hits/60","Hits/60","Hits/60","Hits/60","Hits/60","Hits/60","Hits/60","Hits/60","Hits/60","Hits/60","Hits/60","Hits/60","Hits/60","Hits/60","Hits/60","Hits/60","Hits/60","Hits/60","Hits/60","Hits/60","Hits/60","Hits/60","Hits/60","Hits/60","Hits/60","Hits/60","Hits/60","Hits/60","Hits/60","Hits/60","Hits/60","Hits/60","Hits/60","Hits/60","Hits/60","Hits/60","Hits/60","Hits/60","Hits/60","Hits/60","Hits/60","Hits/60","Hits/60","Hits/60","Hits/60","Hits/60","Hits/60","Hits/60","Hits/60","Hits/60","Hits/60","Hits/60","Hits/60","Hits/60","Hits/60","Hits/60"
"13",NA,NA,NA,NA,NA,NA,NA,NA,NA,NA,NA,NA,"P/GP","P/GP","P/GP","P/GP","P/GP","P/GP","P/GP","P/GP","P/GP","P/GP","P/GP","P/GP","P/GP","P/GP","P/GP","P/GP","P/GP","P/GP","P/GP","P/GP","P/GP","P/GP","P/GP","P/GP","P/GP","P/GP","P/GP","P/GP","P/GP","P/GP","P/GP","P/GP","P/GP","P/GP","P/GP","P/GP","P/GP","P/GP","P/GP","P/GP","P/GP","P/GP","P/GP","P/GP","P/GP","P/GP","P/GP","P/GP","P/GP","P/GP","P/GP","P/GP","P/GP","P/GP","P/GP","P/GP","P/GP","P/GP","P/GP","P/GP","P/GP","P/GP","P/GP","P/GP","P/GP","P/GP","P/GP","P/GP","P/GP","P/GP","P/GP","P/GP","P/GP","P/GP","P/GP","P/GP","P/GP"
"14",NA,NA,NA,NA,NA,NA,NA,NA,NA,NA,NA,NA,NA,"GvA/60","GvA/60","GvA/60","GvA/60","GvA/60","GvA/60","GvA/60","GvA/60","GvA/60","GvA/60","GvA/60","GvA/60","GvA/60","GvA/60","GvA/60","GvA/60","GvA/60","GvA/60","GvA/60","GvA/60","GvA/60","GvA/60","GvA/60","GvA/60","GvA/60","GvA/60","GvA/60","GvA/60","GvA/60","GvA/60","GvA/60","GvA/60","GvA/60","GvA/60","GvA/60","GvA/60","GvA/60","GvA/60","GvA/60","GvA/60","GvA/60","GvA/60","GvA/60","GvA/60","GvA/60","GvA/60","GvA/60","GvA/60","GvA/60","GvA/60","GvA/60","GvA/60","GvA/60","GvA/60","GvA/60","GvA/60","GvA/60","GvA/60","GvA/60","GvA/60","GvA/60","GvA/60","GvA/60","GvA/60","GvA/60","GvA/60","GvA/60","GvA/60","GvA/60","GvA/60","GvA/60","GvA/60","GvA/60","GvA/60","GvA/60","GvA/60"
"15",NA,NA,NA,NA,NA,NA,NA,NA,NA,NA,NA,NA,NA,NA,"Pen Drawn","Pen Drawn","Pen Drawn","Pen Drawn","Pen Drawn","Pen Drawn","Pen Drawn","Pen Drawn","Pen Drawn","Pen Drawn","Pen Drawn","Pen Drawn","Pen Drawn","Pen Drawn","Pen Drawn","Pen Drawn","Pen Drawn","Pen Drawn","Pen Drawn","Pen Drawn","Pen Drawn","Pen Drawn","Pen Drawn","Pen Drawn","Pen Drawn","Pen Drawn","Pen Drawn","Pen Drawn","Pen Drawn","Pen Drawn","Pen Drawn","Pen Drawn","Pen Drawn","Pen Drawn","Pen Drawn","Pen Drawn","Pen Drawn","Pen Drawn","Pen Drawn","Pen Drawn","Pen Drawn","Pen Drawn","Pen Drawn","Pen Drawn","Pen Drawn","Pen Drawn","Pen Drawn","Pen Drawn","Pen Drawn","Pen Drawn","Pen Drawn","Pen Drawn","Pen Drawn","Pen Drawn","Pen Drawn","Pen Drawn","Pen Drawn","Pen Drawn","Pen Drawn","Pen Drawn","Pen Drawn","Pen Drawn","Pen Drawn","Pen Drawn","Pen Drawn","Pen Drawn","Pen Drawn","Pen Drawn","Pen Drawn","Pen Drawn","Pen Drawn","Pen Drawn","Pen Drawn","Pen Drawn","Pen Drawn"
"16",NA,NA,NA,NA,NA,NA,NA,NA,NA,NA,NA,NA,NA,NA,NA,"SHA1/60","SHA1/60","SHA1/60","SHA1/60","SHA1/60","SHA1/60","SHA1/60","SHA1/60","SHA1/60","SHA1/60","SHA1/60","SHA1/60","SHA1/60","SHA1/60","SHA1/60","SHA1/60","SHA1/60","SHA1/60","SHA1/60","SHA1/60","SHA1/60","SHA1/60","SHA1/60","SHA1/60","SHA1/60","SHA1/60","SHA1/60","SHA1/60","SHA1/60","SHA1/60","SHA1/60","SHA1/60","SHA1/60","SHA1/60","SHA1/60","SHA1/60","SHA1/60","SHA1/60","SHA1/60","SHA1/60","SHA1/60","SHA1/60","SHA1/60","SHA1/60","SHA1/60","SHA1/60","SHA1/60","SHA1/60","SHA1/60","SHA1/60","SHA1/60","SHA1/60","SHA1/60","SHA1/60","SHA1/60","SHA1/60","SHA1/60","SHA1/60","SHA1/60","SHA1/60","SHA1/60","SHA1/60","SHA1/60","SHA1/60","SHA1/60","SHA1/60","SHA1/60","SHA1/60","SHA1/60","SHA1/60","SHA1/60","SHA1/60","SHA1/60","SHA1/60"
"17",NA,NA,NA,NA,NA,NA,NA,NA,NA,NA,NA,NA,NA,NA,NA,NA,"+/-","+/-","+/-","+/-","+/-","+/-","+/-","+/-","+/-","+/-","+/-","+/-","+/-","+/-","+/-","+/-","+/-","+/-","+/-","+/-","+/-","+/-","+/-","+/-","+/-","+/-","+/-","+/-","+/-","+/-","+/-","+/-","+/-","+/-","+/-","+/-","+/-","+/-","+/-","+/-","+/-","+/-","+/-","+/-","+/-","+/-","+/-","+/-","+/-","+/-","+/-","+/-","+/-","+/-","+/-","+/-","+/-","+/-","+/-","+/-","+/-","+/-","+/-","+/-","+/-","+/-","+/-","+/-","+/-","+/-","+/-","+/-","+/-"
"18",NA,NA,NA,NA,NA,NA,NA,NA,NA,NA,NA,NA,NA,NA,NA,NA,NA,"PPP","PPP","PPP","PPP","PPP","PPP","PPP","PPP","PPP","PPP","PPP","PPP","PPP","PPP","PPP","PPP","PPP","PPP","PPP","PPP","PPP","PPP","PPP","PPP","PPP","PPP","PPP","PPP","PPP","PPP","PPP","PPP","PPP","PPP","PPP","PPP","PPP","PPP","PPP","PPP","PPP","PPP","PPP","PPP","PPP","PPP","PPP","PPP","PPP","PPP","PPP","PPP","PPP","PPP","PPP","PPP","PPP","PPP","PPP","PPP","PPP","PPP","PPP","PPP","PPP","PPP","PPP","PPP","PPP","PPP","PPP","PPP"
"19",NA,NA,NA,NA,NA,NA,NA,NA,NA,NA,NA,NA,NA,NA,NA,NA,NA,NA,"GWG","GWG","GWG","GWG","GWG","GWG","GWG","GWG","GWG","GWG","GWG","GWG","GWG","GWG","GWG","GWG","GWG","GWG","GWG","GWG","GWG","GWG","GWG","GWG","GWG","GWG","GWG","GWG","GWG","GWG","GWG","GWG","GWG","GWG","GWG","GWG","GWG","GWG","GWG","GWG","GWG","GWG","GWG","GWG","GWG","GWG","GWG","GWG","GWG","GWG","GWG","GWG","GWG","GWG","GWG","GWG","GWG","GWG","GWG","GWG","GWG","GWG","GWG","GWG","GWG","GWG","GWG","GWG","GWG","GWG","GWG"
"20",NA,NA,NA,NA,NA,NA,NA,NA,NA,NA,NA,NA,NA,NA,NA,NA,NA,NA,NA,"ENA","ENA","ENA","ENA","ENA","ENA","ENA","ENA","ENA","ENA","ENA","ENA","ENA","ENA","ENA","ENA","ENA","ENA","ENA","ENA","ENA","ENA","ENA","ENA","ENA","ENA","ENA","ENA","ENA","ENA","ENA","ENA","ENA","ENA","ENA","ENA","ENA","ENA","ENA","ENA","ENA","ENA","ENA","ENA","ENA","ENA","ENA","ENA","ENA","ENA","ENA","ENA","ENA","ENA","ENA","ENA","ENA","ENA","ENA","ENA","ENA","ENA","ENA","ENA","ENA","ENA","ENA","ENA","ENA","ENA"
"21",NA,NA,NA,NA,NA,NA,NA,NA,NA,NA,NA,NA,NA,NA,NA,NA,NA,NA,NA,NA,"EVP","EVP","EVP","EVP","EVP","EVP","EVP","EVP","EVP","EVP","EVP","EVP","EVP","EVP","EVP","EVP","EVP","EVP","EVP","EVP","EVP","EVP","EVP","EVP","EVP","EVP","EVP","EVP","EVP","EVP","EVP","EVP","EVP","EVP","EVP","EVP","EVP","EVP","EVP","EVP","EVP","EVP","EVP","EVP","EVP","EVP","EVP","EVP","EVP","EVP","EVP","EVP","EVP","EVP","EVP","EVP","EVP","EVP","EVP","EVP","EVP","EVP","EVP","EVP","EVP","EVP","EVP","EVP","EVP"
"22",NA,NA,NA,NA,NA,NA,NA,NA,NA,NA,NA,NA,NA,NA,NA,NA,NA,NA,NA,NA,NA,"PPA1","PPA1","PPA1","PPA1","PPA1","PPA1","PPA1","PPA1","PPA1","PPA1","PPA1","PPA1","PPA1","PPA1","PPA1","PPA1","PPA1","PPA1","PPA1","PPA1","PPA1","PPA1","PPA1","PPA1","PPA1","PPA1","PPA1","PPA1","PPA1","PPA1","PPA1","PPA1","PPA1","PPA1","PPA1","PPA1","PPA1","PPA1","PPA1","PPA1","PPA1","PPA1","PPA1","PPA1","PPA1","PPA1","PPA1","PPA1","PPA1","PPA1","PPA1","PPA1","PPA1","PPA1","PPA1","PPA1","PPA1","PPA1","PPA1","PPA1","PPA1","PPA1","PPA1","PPA1","PPA1","PPA1","PPA1","PPA1"
"23",NA,NA,NA,NA,NA,NA,NA,NA,NA,NA,NA,NA,NA,NA,NA,NA,NA,NA,NA,NA,NA,NA,"PPP/60","PPP/60","PPP/60","PPP/60","PPP/60","PPP/60","PPP/60","PPP/60","PPP/60","PPP/60","PPP/60","PPP/60","PPP/60","PPP/60","PPP/60","PPP/60","PPP/60","PPP/60","PPP/60","PPP/60","PPP/60","PPP/60","PPP/60","PPP/60","PPP/60","PPP/60","PPP/60","PPP/60","PPP/60","PPP/60","PPP/60","PPP/60","PPP/60","PPP/60","PPP/60","PPP/60","PPP/60","PPP/60","PPP/60","PPP/60","PPP/60","PPP/60","PPP/60","PPP/60","PPP/60","PPP/60","PPP/60","PPP/60","PPP/60","PPP/60","PPP/60","PPP/60","PPP/60","PPP/60","PPP/60","PPP/60","PPP/60","PPP/60","PPP/60","PPP/60","PPP/60","PPP/60","PPP/60","PPP/60","PPP/60","PPP/60","PPP/60"
"24",NA,NA,NA,NA,NA,NA,NA,NA,NA,NA,NA,NA,NA,NA,NA,NA,NA,NA,NA,NA,NA,NA,NA,"On-Ice SH GA","On-Ice SH GA","On-Ice SH GA","On-Ice SH GA","On-Ice SH GA","On-Ice SH GA","On-Ice SH GA","On-Ice SH GA","On-Ice SH GA","On-Ice SH GA","On-Ice SH GA","On-Ice SH GA","On-Ice SH GA","On-Ice SH GA","On-Ice SH GA","On-Ice SH GA","On-Ice SH GA","On-Ice SH GA","On-Ice SH GA","On-Ice SH GA","On-Ice SH GA","On-Ice SH GA","On-Ice SH GA","On-Ice SH GA","On-Ice SH GA","On-Ice SH GA","On-Ice SH GA","On-Ice SH GA","On-Ice SH GA","On-Ice SH GA","On-Ice SH GA","On-Ice SH GA","On-Ice SH GA","On-Ice SH GA","On-Ice SH GA","On-Ice SH GA","On-Ice SH GA","On-Ice SH GA","On-Ice SH GA","On-Ice SH GA","On-Ice SH GA","On-Ice SH GA","On-Ice SH GA","On-Ice SH GA","On-Ice SH GA","On-Ice SH GA","On-Ice SH GA","On-Ice SH GA","On-Ice SH GA","On-Ice SH GA","On-Ice SH GA","On-Ice SH GA","On-Ice SH GA","On-Ice SH GA","On-Ice SH GA","On-Ice SH GA","On-Ice SH GA","On-Ice SH GA","On-Ice SH GA","On-Ice SH GA","On-Ice SH GA","On-Ice SH GA","On-Ice SH GA","On-Ice SH GA","On-Ice SH GA","On-Ice SH GA"
"25",NA,NA,NA,NA,NA,NA,NA,NA,NA,NA,NA,NA,NA,NA,NA,NA,NA,NA,NA,NA,NA,NA,NA,NA,"PPA2/60","PPA2/60","PPA2/60","PPA2/60","PPA2/60","PPA2/60","PPA2/60","PPA2/60","PPA2/60","PPA2/60","PPA2/60","PPA2/60","PPA2/60","PPA2/60","PPA2/60","PPA2/60","PPA2/60","PPA2/60","PPA2/60","PPA2/60","PPA2/60","PPA2/60","PPA2/60","PPA2/60","PPA2/60","PPA2/60","PPA2/60","PPA2/60","PPA2/60","PPA2/60","PPA2/60","PPA2/60","PPA2/60","PPA2/60","PPA2/60","PPA2/60","PPA2/60","PPA2/60","PPA2/60","PPA2/60","PPA2/60","PPA2/60","PPA2/60","PPA2/60","PPA2/60","PPA2/60","PPA2/60","PPA2/60","PPA2/60","PPA2/60","PPA2/60","PPA2/60","PPA2/60","PPA2/60","PPA2/60","PPA2/60","PPA2/60","PPA2/60","PPA2/60","PPA2/60","PPA2/60","PPA2/60","PPA2/60","PPA2/60","PPA2/60"
"26",NA,NA,NA,NA,NA,NA,NA,NA,NA,NA,NA,NA,NA,NA,NA,NA,NA,NA,NA,NA,NA,NA,NA,NA,NA,"MsS","MsS","MsS","MsS","MsS","MsS","MsS","MsS","MsS","MsS","MsS","MsS","MsS","MsS","MsS","MsS","MsS","MsS","MsS","MsS","MsS","MsS","MsS","MsS","MsS","MsS","MsS","MsS","MsS","MsS","MsS","MsS","MsS","MsS","MsS","MsS","MsS","MsS","MsS","MsS","MsS","MsS","MsS","MsS","MsS","MsS","MsS","MsS","MsS","MsS","MsS","MsS","MsS","MsS","MsS","MsS","MsS","MsS","MsS","MsS","MsS","MsS","MsS","MsS"
"27",NA,NA,NA,NA,NA,NA,NA,NA,NA,NA,NA,NA,NA,NA,NA,NA,NA,NA,NA,NA,NA,NA,NA,NA,NA,NA,"GvA","GvA","GvA","GvA","GvA","GvA","GvA","GvA","GvA","GvA","GvA","GvA","GvA","GvA","GvA","GvA","GvA","GvA","GvA","GvA","GvA","GvA","GvA","GvA","GvA","GvA","GvA","GvA","GvA","GvA","GvA","GvA","GvA","GvA","GvA","GvA","GvA","GvA","GvA","GvA","GvA","GvA","GvA","GvA","GvA","GvA","GvA","GvA","GvA","GvA","GvA","GvA","GvA","GvA","GvA","GvA","GvA","GvA","GvA","GvA","GvA","GvA","GvA"
"28",NA,NA,NA,NA,NA,NA,NA,NA,NA,NA,NA,NA,NA,NA,NA,NA,NA,NA,NA,NA,NA,NA,NA,NA,NA,NA,NA,"On-Ice SH GF","On-Ice SH GF","On-Ice SH GF","On-Ice SH GF","On-Ice SH GF","On-Ice SH GF","On-Ice SH GF","On-Ice SH GF","On-Ice SH GF","On-Ice SH GF","On-Ice SH GF","On-Ice SH GF","On-Ice SH GF","On-Ice SH GF","On-Ice SH GF","On-Ice SH GF","On-Ice SH GF","On-Ice SH GF","On-Ice SH GF","On-Ice SH GF","On-Ice SH GF","On-Ice SH GF","On-Ice SH GF","On-Ice SH GF","On-Ice SH GF","On-Ice SH GF","On-Ice SH GF","On-Ice SH GF","On-Ice SH GF","On-Ice SH GF","On-Ice SH GF","On-Ice SH GF","On-Ice SH GF","On-Ice SH GF","On-Ice SH GF","On-Ice SH GF","On-Ice SH GF","On-Ice SH GF","On-Ice SH GF","On-Ice SH GF","On-Ice SH GF","On-Ice SH GF","On-Ice SH GF","On-Ice SH GF","On-Ice SH GF","On-Ice SH GF","On-Ice SH GF","On-Ice SH GF","On-Ice SH GF","On-Ice SH GF","On-Ice SH GF","On-Ice SH GF","On-Ice SH GF","On-Ice SH GF","On-Ice SH GF","On-Ice SH GF","On-Ice SH GF","On-Ice SH GF","On-Ice SH GF","On-Ice SH GF","On-Ice SH GF","On-Ice SH GF"
"29",NA,NA,NA,NA,NA,NA,NA,NA,NA,NA,NA,NA,NA,NA,NA,NA,NA,NA,NA,NA,NA,NA,NA,NA,NA,NA,NA,NA,"PP iSAT","PP iSAT","PP iSAT","PP iSAT","PP iSAT","PP iSAT","PP iSAT","PP iSAT","PP iSAT","PP iSAT","PP iSAT","PP iSAT","PP iSAT","PP iSAT","PP iSAT","PP iSAT","PP iSAT","PP iSAT","PP iSAT","PP iSAT","PP iSAT","PP iSAT","PP iSAT","PP iSAT","PP iSAT","PP iSAT","PP iSAT","PP iSAT","PP iSAT","PP iSAT","PP iSAT","PP iSAT","PP iSAT","PP iSAT","PP iSAT","PP iSAT","PP iSAT","PP iSAT","PP iSAT","PP iSAT","PP iSAT","PP iSAT","PP iSAT","PP iSAT","PP iSAT","PP iSAT","PP iSAT","PP iSAT","PP iSAT","PP iSAT","PP iSAT","PP iSAT","PP iSAT","PP iSAT","PP iSAT","PP iSAT","PP iSAT","PP iSAT","PP iSAT","PP iSAT","PP iSAT"
"30",NA,NA,NA,NA,NA,NA,NA,NA,NA,NA,NA,NA,NA,NA,NA,NA,NA,NA,NA,NA,NA,NA,NA,NA,NA,NA,NA,NA,NA,"PP TOI/GP","PP TOI/GP","PP TOI/GP","PP TOI/GP","PP TOI/GP","PP TOI/GP","PP TOI/GP","PP TOI/GP","PP TOI/GP","PP TOI/GP","PP TOI/GP","PP TOI/GP","PP TOI/GP","PP TOI/GP","PP TOI/GP","PP TOI/GP","PP TOI/GP","PP TOI/GP","PP TOI/GP","PP TOI/GP","PP TOI/GP","PP TOI/GP","PP TOI/GP","PP TOI/GP","PP TOI/GP","PP TOI/GP","PP TOI/GP","PP TOI/GP","PP TOI/GP","PP TOI/GP","PP TOI/GP","PP TOI/GP","PP TOI/GP","PP TOI/GP","PP TOI/GP","PP TOI/GP","PP TOI/GP","PP TOI/GP","PP TOI/GP","PP TOI/GP","PP TOI/GP","PP TOI/GP","PP TOI/GP","PP TOI/GP","PP TOI/GP","PP TOI/GP","PP TOI/GP","PP TOI/GP","PP TOI/GP","PP TOI/GP","PP TOI/GP","PP TOI/GP","PP TOI/GP","PP TOI/GP","PP TOI/GP","PP TOI/GP","PP TOI/GP","PP TOI/GP","PP TOI/GP","PP TOI/GP"
"31",NA,NA,NA,NA,NA,NA,NA,NA,NA,NA,NA,NA,NA,NA,NA,NA,NA,NA,NA,NA,NA,NA,NA,NA,NA,NA,NA,NA,NA,NA,"S","S","S","S","S","S","S","S","S","S","S","S","S","S","S","S","S","S","S","S","S","S","S","S","S","S","S","S","S","S","S","S","S","S","S","S","S","S","S","S","S","S","S","S","S","S","S","S","S","S","S","S","S","S","S","S","S","S","S"
"32",NA,NA,NA,NA,NA,NA,NA,NA,NA,NA,NA,NA,NA,NA,NA,NA,NA,NA,NA,NA,NA,NA,NA,NA,NA,NA,NA,NA,NA,NA,NA,"FO","FO","FO","FO","FO","FO","FO","FO","FO","FO","FO","FO","FO","FO","FO","FO","FO","FO","FO","FO","FO","FO","FO","FO","FO","FO","FO","FO","FO","FO","FO","FO","FO","FO","FO","FO","FO","FO","FO","FO","FO","FO","FO","FO","FO","FO","FO","FO","FO","FO","FO","FO","FO","FO","FO","FO","FO","FO"
"33",NA,NA,NA,NA,NA,NA,NA,NA,NA,NA,NA,NA,NA,NA,NA,NA,NA,NA,NA,NA,NA,NA,NA,NA,NA,NA,NA,NA,NA,NA,NA,NA,"PPG/60","PPG/60","PPG/60","PPG/60","PPG/60","PPG/60","PPG/60","PPG/60","PPG/60","PPG/60","PPG/60","PPG/60","PPG/60","PPG/60","PPG/60","PPG/60","PPG/60","PPG/60","PPG/60","PPG/60","PPG/60","PPG/60","PPG/60","PPG/60","PPG/60","PPG/60","PPG/60","PPG/60","PPG/60","PPG/60","PPG/60","PPG/60","PPG/60","PPG/60","PPG/60","PPG/60","PPG/60","PPG/60","PPG/60","PPG/60","PPG/60","PPG/60","PPG/60","PPG/60","PPG/60","PPG/60","PPG/60","PPG/60","PPG/60","PPG/60","PPG/60","PPG/60","PPG/60","PPG/60","PPG/60","PPG/60","PPG/60"
"34",NA,NA,NA,NA,NA,NA,NA,NA,NA,NA,NA,NA,NA,NA,NA,NA,NA,NA,NA,NA,NA,NA,NA,NA,NA,NA,NA,NA,NA,NA,NA,NA,NA,"G","G","G","G","G","G","G","G","G","G","G","G","G","G","G","G","G","G","G","G","G","G","G","G","G","G","G","G","G","G","G","G","G","G","G","G","G","G","G","G","G","G","G","G","G","G","G","G","G","G","G","G","G","G","G","G"
"35",NA,NA,NA,NA,NA,NA,NA,NA,NA,NA,NA,NA,NA,NA,NA,NA,NA,NA,NA,NA,NA,NA,NA,NA,NA,NA,NA,NA,NA,NA,NA,NA,NA,NA,"SHG/60","SHG/60","SHG/60","SHG/60","SHG/60","SHG/60","SHG/60","SHG/60","SHG/60","SHG/60","SHG/60","SHG/60","SHG/60","SHG/60","SHG/60","SHG/60","SHG/60","SHG/60","SHG/60","SHG/60","SHG/60","SHG/60","SHG/60","SHG/60","SHG/60","SHG/60","SHG/60","SHG/60","SHG/60","SHG/60","SHG/60","SHG/60","SHG/60","SHG/60","SHG/60","SHG/60","SHG/60","SHG/60","SHG/60","SHG/60","SHG/60","SHG/60","SHG/60","SHG/60","SHG/60","SHG/60","SHG/60","SHG/60","SHG/60","SHG/60","SHG/60","SHG/60","SHG/60","SHG/60","SHG/60"
"36",NA,NA,NA,NA,NA,NA,NA,NA,NA,NA,NA,NA,NA,NA,NA,NA,NA,NA,NA,NA,NA,NA,NA,NA,NA,NA,NA,NA,NA,NA,NA,NA,NA,NA,NA,"Match","Match","Match","Match","Match","Match","Match","Match","Match","Match","Match","Match","Match","Match","Match","Match","Match","Match","Match","Match","Match","Match","Match","Match","Match","Match","Match","Match","Match","Match","Match","Match","Match","Match","Match","Match","Match","Match","Match","Match","Match","Match","Match","Match","Match","Match","Match","Match","Match","Match","Match","Match","Match","Match"
"37",NA,NA,NA,NA,NA,NA,NA,NA,NA,NA,NA,NA,NA,NA,NA,NA,NA,NA,NA,NA,NA,NA,NA,NA,NA,NA,NA,NA,NA,NA,NA,NA,NA,NA,NA,NA,"On-Ice PP GF","On-Ice PP GF","On-Ice PP GF","On-Ice PP GF","On-Ice PP GF","On-Ice PP GF","On-Ice PP GF","On-Ice PP GF","On-Ice PP GF","On-Ice PP GF","On-Ice PP GF","On-Ice PP GF","On-Ice PP GF","On-Ice PP GF","On-Ice PP GF","On-Ice PP GF","On-Ice PP GF","On-Ice PP GF","On-Ice PP GF","On-Ice PP GF","On-Ice PP GF","On-Ice PP GF","On-Ice PP GF","On-Ice PP GF","On-Ice PP GF","On-Ice PP GF","On-Ice PP GF","On-Ice PP GF","On-Ice PP GF","On-Ice PP GF","On-Ice PP GF","On-Ice PP GF","On-Ice PP GF","On-Ice PP GF","On-Ice PP GF","On-Ice PP GF","On-Ice PP GF","On-Ice PP GF","On-Ice PP GF","On-Ice PP GF","On-Ice PP GF","On-Ice PP GF","On-Ice PP GF","On-Ice PP GF","On-Ice PP GF","On-Ice PP GF","On-Ice PP GF","On-Ice PP GF","On-Ice PP GF","On-Ice PP GF","On-Ice PP GF","On-Ice PP GF","On-Ice PP GF"
"38",NA,NA,NA,NA,NA,NA,NA,NA,NA,NA,NA,NA,NA,NA,NA,NA,NA,NA,NA,NA,NA,NA,NA,NA,NA,NA,NA,NA,NA,NA,NA,NA,NA,NA,NA,NA,NA,"On-Ice PP GA","On-Ice PP GA","On-Ice PP GA","On-Ice PP GA","On-Ice PP GA","On-Ice PP GA","On-Ice PP GA","On-Ice PP GA","On-Ice PP GA","On-Ice PP GA","On-Ice PP GA","On-Ice PP GA","On-Ice PP GA","On-Ice PP GA","On-Ice PP GA","On-Ice PP GA","On-Ice PP GA","On-Ice PP GA","On-Ice PP GA","On-Ice PP GA","On-Ice PP GA","On-Ice PP GA","On-Ice PP GA","On-Ice PP GA","On-Ice PP GA","On-Ice PP GA","On-Ice PP GA","On-Ice PP GA","On-Ice PP GA","On-Ice PP GA","On-Ice PP GA","On-Ice PP GA","On-Ice PP GA","On-Ice PP GA","On-Ice PP GA","On-Ice PP GA","On-Ice PP GA","On-Ice PP GA","On-Ice PP GA","On-Ice PP GA","On-Ice PP GA","On-Ice PP GA","On-Ice PP GA","On-Ice PP GA","On-Ice PP GA","On-Ice PP GA","On-Ice PP GA","On-Ice PP GA","On-Ice PP GA","On-Ice PP GA","On-Ice PP GA","On-Ice PP GA"
"39",NA,NA,NA,NA,NA,NA,NA,NA,NA,NA,NA,NA,NA,NA,NA,NA,NA,NA,NA,NA,NA,NA,NA,NA,NA,NA,NA,NA,NA,NA,NA,NA,NA,NA,NA,NA,NA,NA,"SH iSAT/60","SH iSAT/60","SH iSAT/60","SH iSAT/60","SH iSAT/60","SH iSAT/60","SH iSAT/60","SH iSAT/60","SH iSAT/60","SH iSAT/60","SH iSAT/60","SH iSAT/60","SH iSAT/60","SH iSAT/60","SH iSAT/60","SH iSAT/60","SH iSAT/60","SH iSAT/60","SH iSAT/60","SH iSAT/60","SH iSAT/60","SH iSAT/60","SH iSAT/60","SH iSAT/60","SH iSAT/60","SH iSAT/60","SH iSAT/60","SH iSAT/60","SH iSAT/60","SH iSAT/60","SH iSAT/60","SH iSAT/60","SH iSAT/60","SH iSAT/60","SH iSAT/60","SH iSAT/60","SH iSAT/60","SH iSAT/60","SH iSAT/60","SH iSAT/60","SH iSAT/60","SH iSAT/60","SH iSAT/60","SH iSAT/60","SH iSAT/60","SH iSAT/60","SH iSAT/60","SH iSAT/60","SH iSAT/60","SH iSAT/60","SH iSAT/60"
"40",NA,NA,NA,NA,NA,NA,NA,NA,NA,NA,NA,NA,NA,NA,NA,NA,NA,NA,NA,NA,NA,NA,NA,NA,NA,NA,NA,NA,NA,NA,NA,NA,NA,NA,NA,NA,NA,NA,NA,"1g","1g","1g","1g","1g","1g","1g","1g","1g","1g","1g","1g","1g","1g","1g","1g","1g","1g","1g","1g","1g","1g","1g","1g","1g","1g","1g","1g","1g","1g","1g","1g","1g","1g","1g","1g","1g","1g","1g","1g","1g","1g","1g","1g","1g","1g","1g","1g","1g","1g"
"41",NA,NA,NA,NA,NA,NA,NA,NA,NA,NA,NA,NA,NA,NA,NA,NA,NA,NA,NA,NA,NA,NA,NA,NA,NA,NA,NA,NA,NA,NA,NA,NA,NA,NA,NA,NA,NA,NA,NA,NA,"SHA2/60","SHA2/60","SHA2/60","SHA2/60","SHA2/60","SHA2/60","SHA2/60","SHA2/60","SHA2/60","SHA2/60","SHA2/60","SHA2/60","SHA2/60","SHA2/60","SHA2/60","SHA2/60","SHA2/60","SHA2/60","SHA2/60","SHA2/60","SHA2/60","SHA2/60","SHA2/60","SHA2/60","SHA2/60","SHA2/60","SHA2/60","SHA2/60","SHA2/60","SHA2/60","SHA2/60","SHA2/60","SHA2/60","SHA2/60","SHA2/60","SHA2/60","SHA2/60","SHA2/60","SHA2/60","SHA2/60","SHA2/60","SHA2/60","SHA2/60","SHA2/60","SHA2/60","SHA2/60","SHA2/60","SHA2/60","SHA2/60"
"42",NA,NA,NA,NA,NA,NA,NA,NA,NA,NA,NA,NA,NA,NA,NA,NA,NA,NA,NA,NA,NA,NA,NA,NA,NA,NA,NA,NA,NA,NA,NA,NA,NA,NA,NA,NA,NA,NA,NA,NA,NA,"SHP/60","SHP/60","SHP/60","SHP/60","SHP/60","SHP/60","SHP/60","SHP/60","SHP/60","SHP/60","SHP/60","SHP/60","SHP/60","SHP/60","SHP/60","SHP/60","SHP/60","SHP/60","SHP/60","SHP/60","SHP/60","SHP/60","SHP/60","SHP/60","SHP/60","SHP/60","SHP/60","SHP/60","SHP/60","SHP/60","SHP/60","SHP/60","SHP/60","SHP/60","SHP/60","SHP/60","SHP/60","SHP/60","SHP/60","SHP/60","SHP/60","SHP/60","SHP/60","SHP/60","SHP/60","SHP/60","SHP/60","SHP/60"
"43",NA,NA,NA,NA,NA,NA,NA,NA,NA,NA,NA,NA,NA,NA,NA,NA,NA,NA,NA,NA,NA,NA,NA,NA,NA,NA,NA,NA,NA,NA,NA,NA,NA,NA,NA,NA,NA,NA,NA,NA,NA,NA,"On-Ice EV GF","On-Ice EV GF","On-Ice EV GF","On-Ice EV GF","On-Ice EV GF","On-Ice EV GF","On-Ice EV GF","On-Ice EV GF","On-Ice EV GF","On-Ice EV GF","On-Ice EV GF","On-Ice EV GF","On-Ice EV GF","On-Ice EV GF","On-Ice EV GF","On-Ice EV GF","On-Ice EV GF","On-Ice EV GF","On-Ice EV GF","On-Ice EV GF","On-Ice EV GF","On-Ice EV GF","On-Ice EV GF","On-Ice EV GF","On-Ice EV GF","On-Ice EV GF","On-Ice EV GF","On-Ice EV GF","On-Ice EV GF","On-Ice EV GF","On-Ice EV GF","On-Ice EV GF","On-Ice EV GF","On-Ice EV GF","On-Ice EV GF","On-Ice EV GF","On-Ice EV GF","On-Ice EV GF","On-Ice EV GF","On-Ice EV GF","On-Ice EV GF","On-Ice EV GF","On-Ice EV GF","On-Ice EV GF","On-Ice EV GF","On-Ice EV GF","On-Ice EV GF"
"44",NA,NA,NA,NA,NA,NA,NA,NA,NA,NA,NA,NA,NA,NA,NA,NA,NA,NA,NA,NA,NA,NA,NA,NA,NA,NA,NA,NA,NA,NA,NA,NA,NA,NA,NA,NA,NA,NA,NA,NA,NA,NA,NA,"PIM/GP","PIM/GP","PIM/GP","PIM/GP","PIM/GP","PIM/GP","PIM/GP","PIM/GP","PIM/GP","PIM/GP","PIM/GP","PIM/GP","PIM/GP","PIM/GP","PIM/GP","PIM/GP","PIM/GP","PIM/GP","PIM/GP","PIM/GP","PIM/GP","PIM/GP","PIM/GP","PIM/GP","PIM/GP","PIM/GP","PIM/GP","PIM/GP","PIM/GP","PIM/GP","PIM/GP","PIM/GP","PIM/GP","PIM/GP","PIM/GP","PIM/GP","PIM/GP","PIM/GP","PIM/GP","PIM/GP","PIM/GP","PIM/GP","PIM/GP","PIM/GP","PIM/GP","PIM/GP"
"45",NA,NA,NA,NA,NA,NA,NA,NA,NA,NA,NA,NA,NA,NA,NA,NA,NA,NA,NA,NA,NA,NA,NA,NA,NA,NA,NA,NA,NA,NA,NA,NA,NA,NA,NA,NA,NA,NA,NA,NA,NA,NA,NA,NA,"MsS Over","MsS Over","MsS Over","MsS Over","MsS Over","MsS Over","MsS Over","MsS Over","MsS Over","MsS Over","MsS Over","MsS Over","MsS Over","MsS Over","MsS Over","MsS Over","MsS Over","MsS Over","MsS Over","MsS Over","MsS Over","MsS Over","MsS Over","MsS Over","MsS Over","MsS Over","MsS Over","MsS Over","MsS Over","MsS Over","MsS Over","MsS Over","MsS Over","MsS Over","MsS Over","MsS Over","MsS Over","MsS Over","MsS Over","MsS Over","MsS Over","MsS Over","MsS Over","MsS Over","MsS Over"
"46",NA,NA,NA,NA,NA,NA,NA,NA,NA,NA,NA,NA,NA,NA,NA,NA,NA,NA,NA,NA,NA,NA,NA,NA,NA,NA,NA,NA,NA,NA,NA,NA,NA,NA,NA,NA,NA,NA,NA,NA,NA,NA,NA,NA,NA,"A","A","A","A","A","A","A","A","A","A","A","A","A","A","A","A","A","A","A","A","A","A","A","A","A","A","A","A","A","A","A","A","A","A","A","A","A","A","A","A","A","A","A","A"
"47",NA,NA,NA,NA,NA,NA,NA,NA,NA,NA,NA,NA,NA,NA,NA,NA,NA,NA,NA,NA,NA,NA,NA,NA,NA,NA,NA,NA,NA,NA,NA,NA,NA,NA,NA,NA,NA,NA,NA,NA,NA,NA,NA,NA,NA,NA,"TOI/GP","TOI/GP","TOI/GP","TOI/GP","TOI/GP","TOI/GP","TOI/GP","TOI/GP","TOI/GP","TOI/GP","TOI/GP","TOI/GP","TOI/GP","TOI/GP","TOI/GP","TOI/GP","TOI/GP","TOI/GP","TOI/GP","TOI/GP","TOI/GP","TOI/GP","TOI/GP","TOI/GP","TOI/GP","TOI/GP","TOI/GP","TOI/GP","TOI/GP","TOI/GP","TOI/GP","TOI/GP","TOI/GP","TOI/GP","TOI/GP","TOI/GP","TOI/GP","TOI/GP","TOI/GP","TOI/GP","TOI/GP","TOI/GP","TOI/GP"
"48",NA,NA,NA,NA,NA,NA,NA,NA,NA,NA,NA,NA,NA,NA,NA,NA,NA,NA,NA,NA,NA,NA,NA,NA,NA,NA,NA,NA,NA,NA,NA,NA,NA,NA,NA,NA,NA,NA,NA,NA,NA,NA,NA,NA,NA,NA,NA,"NZ FOW","NZ FOW","NZ FOW","NZ FOW","NZ FOW","NZ FOW","NZ FOW","NZ FOW","NZ FOW","NZ FOW","NZ FOW","NZ FOW","NZ FOW","NZ FOW","NZ FOW","NZ FOW","NZ FOW","NZ FOW","NZ FOW","NZ FOW","NZ FOW","NZ FOW","NZ FOW","NZ FOW","NZ FOW","NZ FOW","NZ FOW","NZ FOW","NZ FOW","NZ FOW","NZ FOW","NZ FOW","NZ FOW","NZ FOW","NZ FOW","NZ FOW","NZ FOW","NZ FOW","NZ FOW","NZ FOW","NZ FOW","NZ FOW"
"49",NA,NA,NA,NA,NA,NA,NA,NA,NA,NA,NA,NA,NA,NA,NA,NA,NA,NA,NA,NA,NA,NA,NA,NA,NA,NA,NA,NA,NA,NA,NA,NA,NA,NA,NA,NA,NA,NA,NA,NA,NA,NA,NA,NA,NA,NA,NA,NA,"ENG","ENG","ENG","ENG","ENG","ENG","ENG","ENG","ENG","ENG","ENG","ENG","ENG","ENG","ENG","ENG","ENG","ENG","ENG","ENG","ENG","ENG","ENG","ENG","ENG","ENG","ENG","ENG","ENG","ENG","ENG","ENG","ENG","ENG","ENG","ENG","ENG","ENG","ENG","ENG","ENG"
"50",NA,NA,NA,NA,NA,NA,NA,NA,NA,NA,NA,NA,NA,NA,NA,NA,NA,NA,NA,NA,NA,NA,NA,NA,NA,NA,NA,NA,NA,NA,NA,NA,NA,NA,NA,NA,NA,NA,NA,NA,NA,NA,NA,NA,NA,NA,NA,NA,NA,"SH S/60","SH S/60","SH S/60","SH S/60","SH S/60","SH S/60","SH S/60","SH S/60","SH S/60","SH S/60","SH S/60","SH S/60","SH S/60","SH S/60","SH S/60","SH S/60","SH S/60","SH S/60","SH S/60","SH S/60","SH S/60","SH S/60","SH S/60","SH S/60","SH S/60","SH S/60","SH S/60","SH S/60","SH S/60","SH S/60","SH S/60","SH S/60","SH S/60","SH S/60","SH S/60","SH S/60","SH S/60","SH S/60","SH S/60","SH S/60"
"51",NA,NA,NA,NA,NA,NA,NA,NA,NA,NA,NA,NA,NA,NA,NA,NA,NA,NA,NA,NA,NA,NA,NA,NA,NA,NA,NA,NA,NA,NA,NA,NA,NA,NA,NA,NA,NA,NA,NA,NA,NA,NA,NA,NA,NA,NA,NA,NA,NA,NA,"MsS Post","MsS Post","MsS Post","MsS Post","MsS Post","MsS Post","MsS Post","MsS Post","MsS Post","MsS Post","MsS Post","MsS Post","MsS Post","MsS Post","MsS Post","MsS Post","MsS Post","MsS Post","MsS Post","MsS Post","MsS Post","MsS Post","MsS Post","MsS Post","MsS Post","MsS Post","MsS Post","MsS Post","MsS Post","MsS Post","MsS Post","MsS Post","MsS Post","MsS Post","MsS Post","MsS Post","MsS Post","MsS Post","MsS Post"
"52",NA,NA,NA,NA,NA,NA,NA,NA,NA,NA,NA,NA,NA,NA,NA,NA,NA,NA,NA,NA,NA,NA,NA,NA,NA,NA,NA,NA,NA,NA,NA,NA,NA,NA,NA,NA,NA,NA,NA,NA,NA,NA,NA,NA,NA,NA,NA,NA,NA,NA,NA,"PP GF/60","PP GF/60","PP GF/60","PP GF/60","PP GF/60","PP GF/60","PP GF/60","PP GF/60","PP GF/60","PP GF/60","PP GF/60","PP GF/60","PP GF/60","PP GF/60","PP GF/60","PP GF/60","PP GF/60","PP GF/60","PP GF/60","PP GF/60","PP GF/60","PP GF/60","PP GF/60","PP GF/60","PP GF/60","PP GF/60","PP GF/60","PP GF/60","PP GF/60","PP GF/60","PP GF/60","PP GF/60","PP GF/60","PP GF/60","PP GF/60","PP GF/60","PP GF/60","PP GF/60"
"53",NA,NA,NA,NA,NA,NA,NA,NA,NA,NA,NA,NA,NA,NA,NA,NA,NA,NA,NA,NA,NA,NA,NA,NA,NA,NA,NA,NA,NA,NA,NA,NA,NA,NA,NA,NA,NA,NA,NA,NA,NA,NA,NA,NA,NA,NA,NA,NA,NA,NA,NA,NA,"MsS Wide","MsS Wide","MsS Wide","MsS Wide","MsS Wide","MsS Wide","MsS Wide","MsS Wide","MsS Wide","MsS Wide","MsS Wide","MsS Wide","MsS Wide","MsS Wide","MsS Wide","MsS Wide","MsS Wide","MsS Wide","MsS Wide","MsS Wide","MsS Wide","MsS Wide","MsS Wide","MsS Wide","MsS Wide","MsS Wide","MsS Wide","MsS Wide","MsS Wide","MsS Wide","MsS Wide","MsS Wide","MsS Wide","MsS Wide","MsS Wide","MsS Wide","MsS Wide"
"54",NA,NA,NA,NA,NA,NA,NA,NA,NA,NA,NA,NA,NA,NA,NA,NA,NA,NA,NA,NA,NA,NA,NA,NA,NA,NA,NA,NA,NA,NA,NA,NA,NA,NA,NA,NA,NA,NA,NA,NA,NA,NA,NA,NA,NA,NA,NA,NA,NA,NA,NA,NA,NA,"OTG","OTG","OTG","OTG","OTG","OTG","OTG","OTG","OTG","OTG","OTG","OTG","OTG","OTG","OTG","OTG","OTG","OTG","OTG","OTG","OTG","OTG","OTG","OTG","OTG","OTG","OTG","OTG","OTG","OTG","OTG","OTG","OTG","OTG","OTG","OTG"
"55",NA,NA,NA,NA,NA,NA,NA,NA,NA,NA,NA,NA,NA,NA,NA,NA,NA,NA,NA,NA,NA,NA,NA,NA,NA,NA,NA,NA,NA,NA,NA,NA,NA,NA,NA,NA,NA,NA,NA,NA,NA,NA,NA,NA,NA,NA,NA,NA,NA,NA,NA,NA,NA,NA,"On-Ice EV GA","On-Ice EV GA","On-Ice EV GA","On-Ice EV GA","On-Ice EV GA","On-Ice EV GA","On-Ice EV GA","On-Ice EV GA","On-Ice EV GA","On-Ice EV GA","On-Ice EV GA","On-Ice EV GA","On-Ice EV GA","On-Ice EV GA","On-Ice EV GA","On-Ice EV GA","On-Ice EV GA","On-Ice EV GA","On-Ice EV GA","On-Ice EV GA","On-Ice EV GA","On-Ice EV GA","On-Ice EV GA","On-Ice EV GA","On-Ice EV GA","On-Ice EV GA","On-Ice EV GA","On-Ice EV GA","On-Ice EV GA","On-Ice EV GA","On-Ice EV GA","On-Ice EV GA","On-Ice EV GA","On-Ice EV GA","On-Ice EV GA"
"56",NA,NA,NA,NA,NA,NA,NA,NA,NA,NA,NA,NA,NA,NA,NA,NA,NA,NA,NA,NA,NA,NA,NA,NA,NA,NA,NA,NA,NA,NA,NA,NA,NA,NA,NA,NA,NA,NA,NA,NA,NA,NA,NA,NA,NA,NA,NA,NA,NA,NA,NA,NA,NA,NA,NA,"PIM/TOI%","PIM/TOI%","PIM/TOI%","PIM/TOI%","PIM/TOI%","PIM/TOI%","PIM/TOI%","PIM/TOI%","PIM/TOI%","PIM/TOI%","PIM/TOI%","PIM/TOI%","PIM/TOI%","PIM/TOI%","PIM/TOI%","PIM/TOI%","PIM/TOI%","PIM/TOI%","PIM/TOI%","PIM/TOI%","PIM/TOI%","PIM/TOI%","PIM/TOI%","PIM/TOI%","PIM/TOI%","PIM/TOI%","PIM/TOI%","PIM/TOI%","PIM/TOI%","PIM/TOI%","PIM/TOI%","PIM/TOI%","PIM/TOI%","PIM/TOI%"
"57",NA,NA,NA,NA,NA,NA,NA,NA,NA,NA,NA,NA,NA,NA,NA,NA,NA,NA,NA,NA,NA,NA,NA,NA,NA,NA,NA,NA,NA,NA,NA,NA,NA,NA,NA,NA,NA,NA,NA,NA,NA,NA,NA,NA,NA,NA,NA,NA,NA,NA,NA,NA,NA,NA,NA,NA,"PPA1/60","PPA1/60","PPA1/60","PPA1/60","PPA1/60","PPA1/60","PPA1/60","PPA1/60","PPA1/60","PPA1/60","PPA1/60","PPA1/60","PPA1/60","PPA1/60","PPA1/60","PPA1/60","PPA1/60","PPA1/60","PPA1/60","PPA1/60","PPA1/60","PPA1/60","PPA1/60","PPA1/60","PPA1/60","PPA1/60","PPA1/60","PPA1/60","PPA1/60","PPA1/60","PPA1/60","PPA1/60","PPA1/60"
"58",NA,NA,NA,NA,NA,NA,NA,NA,NA,NA,NA,NA,NA,NA,NA,NA,NA,NA,NA,NA,NA,NA,NA,NA,NA,NA,NA,NA,NA,NA,NA,NA,NA,NA,NA,NA,NA,NA,NA,NA,NA,NA,NA,NA,NA,NA,NA,NA,NA,NA,NA,NA,NA,NA,NA,NA,NA,"Msct","Msct","Msct","Msct","Msct","Msct","Msct","Msct","Msct","Msct","Msct","Msct","Msct","Msct","Msct","Msct","Msct","Msct","Msct","Msct","Msct","Msct","Msct","Msct","Msct","Msct","Msct","Msct","Msct","Msct","Msct","Msct"
"59",NA,NA,NA,NA,NA,NA,NA,NA,NA,NA,NA,NA,NA,NA,NA,NA,NA,NA,NA,NA,NA,NA,NA,NA,NA,NA,NA,NA,NA,NA,NA,NA,NA,NA,NA,NA,NA,NA,NA,NA,NA,NA,NA,NA,NA,NA,NA,NA,NA,NA,NA,NA,NA,NA,NA,NA,NA,NA,"SH iSAT","SH iSAT","SH iSAT","SH iSAT","SH iSAT","SH iSAT","SH iSAT","SH iSAT","SH iSAT","SH iSAT","SH iSAT","SH iSAT","SH iSAT","SH iSAT","SH iSAT","SH iSAT","SH iSAT","SH iSAT","SH iSAT","SH iSAT","SH iSAT","SH iSAT","SH iSAT","SH iSAT","SH iSAT","SH iSAT","SH iSAT","SH iSAT","SH iSAT","SH iSAT","SH iSAT"
"60",NA,NA,NA,NA,NA,NA,NA,NA,NA,NA,NA,NA,NA,NA,NA,NA,NA,NA,NA,NA,NA,NA,NA,NA,NA,NA,NA,NA,NA,NA,NA,NA,NA,NA,NA,NA,NA,NA,NA,NA,NA,NA,NA,NA,NA,NA,NA,NA,NA,NA,NA,NA,NA,NA,NA,NA,NA,NA,NA,"GP","GP","GP","GP","GP","GP","GP","GP","GP","GP","GP","GP","GP","GP","GP","GP","GP","GP","GP","GP","GP","GP","GP","GP","GP","GP","GP","GP","GP","GP"
"61",NA,NA,NA,NA,NA,NA,NA,NA,NA,NA,NA,NA,NA,NA,NA,NA,NA,NA,NA,NA,NA,NA,NA,NA,NA,NA,NA,NA,NA,NA,NA,NA,NA,NA,NA,NA,NA,NA,NA,NA,NA,NA,NA,NA,NA,NA,NA,NA,NA,NA,NA,NA,NA,NA,NA,NA,NA,NA,NA,NA,"PP TOI","PP TOI","PP TOI","PP TOI","PP TOI","PP TOI","PP TOI","PP TOI","PP TOI","PP TOI","PP TOI","PP TOI","PP TOI","PP TOI","PP TOI","PP TOI","PP TOI","PP TOI","PP TOI","PP TOI","PP TOI","PP TOI","PP TOI","PP TOI","PP TOI","PP TOI","PP TOI","PP TOI","PP TOI"
"62",NA,NA,NA,NA,NA,NA,NA,NA,NA,NA,NA,NA,NA,NA,NA,NA,NA,NA,NA,NA,NA,NA,NA,NA,NA,NA,NA,NA,NA,NA,NA,NA,NA,NA,NA,NA,NA,NA,NA,NA,NA,NA,NA,NA,NA,NA,NA,NA,NA,NA,NA,NA,NA,NA,NA,NA,NA,NA,NA,NA,NA,"Hits","Hits","Hits","Hits","Hits","Hits","Hits","Hits","Hits","Hits","Hits","Hits","Hits","Hits","Hits","Hits","Hits","Hits","Hits","Hits","Hits","Hits","Hits","Hits","Hits","Hits","Hits","Hits"
"63",NA,NA,NA,NA,NA,NA,NA,NA,NA,NA,NA,NA,NA,NA,NA,NA,NA,NA,NA,NA,NA,NA,NA,NA,NA,NA,NA,NA,NA,NA,NA,NA,NA,NA,NA,NA,NA,NA,NA,NA,NA,NA,NA,NA,NA,NA,NA,NA,NA,NA,NA,NA,NA,NA,NA,NA,NA,NA,NA,NA,NA,NA,"BkS","BkS","BkS","BkS","BkS","BkS","BkS","BkS","BkS","BkS","BkS","BkS","BkS","BkS","BkS","BkS","BkS","BkS","BkS","BkS","BkS","BkS","BkS","BkS","BkS","BkS","BkS"
"64",NA,NA,NA,NA,NA,NA,NA,NA,NA,NA,NA,NA,NA,NA,NA,NA,NA,NA,NA,NA,NA,NA,NA,NA,NA,NA,NA,NA,NA,NA,NA,NA,NA,NA,NA,NA,NA,NA,NA,NA,NA,NA,NA,NA,NA,NA,NA,NA,NA,NA,NA,NA,NA,NA,NA,NA,NA,NA,NA,NA,NA,NA,NA,"PIM","PIM","PIM","PIM","PIM","PIM","PIM","PIM","PIM","PIM","PIM","PIM","PIM","PIM","PIM","PIM","PIM","PIM","PIM","PIM","PIM","PIM","PIM","PIM","PIM","PIM"
"65",NA,NA,NA,NA,NA,NA,NA,NA,NA,NA,NA,NA,NA,NA,NA,NA,NA,NA,NA,NA,NA,NA,NA,NA,NA,NA,NA,NA,NA,NA,NA,NA,NA,NA,NA,NA,NA,NA,NA,NA,NA,NA,NA,NA,NA,NA,NA,NA,NA,NA,NA,NA,NA,NA,NA,NA,NA,NA,NA,NA,NA,NA,NA,NA,"SH TOI/GP","SH TOI/GP","SH TOI/GP","SH TOI/GP","SH TOI/GP","SH TOI/GP","SH TOI/GP","SH TOI/GP","SH TOI/GP","SH TOI/GP","SH TOI/GP","SH TOI/GP","SH TOI/GP","SH TOI/GP","SH TOI/GP","SH TOI/GP","SH TOI/GP","SH TOI/GP","SH TOI/GP","SH TOI/GP","SH TOI/GP","SH TOI/GP","SH TOI/GP","SH TOI/GP","SH TOI/GP"
"66",NA,NA,NA,NA,NA,NA,NA,NA,NA,NA,NA,NA,NA,NA,NA,NA,NA,NA,NA,NA,NA,NA,NA,NA,NA,NA,NA,NA,NA,NA,NA,NA,NA,NA,NA,NA,NA,NA,NA,NA,NA,NA,NA,NA,NA,NA,NA,NA,NA,NA,NA,NA,NA,NA,NA,NA,NA,NA,NA,NA,NA,NA,NA,NA,NA,"SHA1","SHA1","SHA1","SHA1","SHA1","SHA1","SHA1","SHA1","SHA1","SHA1","SHA1","SHA1","SHA1","SHA1","SHA1","SHA1","SHA1","SHA1","SHA1","SHA1","SHA1","SHA1","SHA1","SHA1"
"67",NA,NA,NA,NA,NA,NA,NA,NA,NA,NA,NA,NA,NA,NA,NA,NA,NA,NA,NA,NA,NA,NA,NA,NA,NA,NA,NA,NA,NA,NA,NA,NA,NA,NA,NA,NA,NA,NA,NA,NA,NA,NA,NA,NA,NA,NA,NA,NA,NA,NA,NA,NA,NA,NA,NA,NA,NA,NA,NA,NA,NA,NA,NA,NA,NA,NA,"PPG","PPG","PPG","PPG","PPG","PPG","PPG","PPG","PPG","PPG","PPG","PPG","PPG","PPG","PPG","PPG","PPG","PPG","PPG","PPG","PPG","PPG","PPG"
"68",NA,NA,NA,NA,NA,NA,NA,NA,NA,NA,NA,NA,NA,NA,NA,NA,NA,NA,NA,NA,NA,NA,NA,NA,NA,NA,NA,NA,NA,NA,NA,NA,NA,NA,NA,NA,NA,NA,NA,NA,NA,NA,NA,NA,NA,NA,NA,NA,NA,NA,NA,NA,NA,NA,NA,NA,NA,NA,NA,NA,NA,NA,NA,NA,NA,NA,NA,"PP S/60","PP S/60","PP S/60","PP S/60","PP S/60","PP S/60","PP S/60","PP S/60","PP S/60","PP S/60","PP S/60","PP S/60","PP S/60","PP S/60","PP S/60","PP S/60","PP S/60","PP S/60","PP S/60","PP S/60","PP S/60","PP S/60"
"69",NA,NA,NA,NA,NA,NA,NA,NA,NA,NA,NA,NA,NA,NA,NA,NA,NA,NA,NA,NA,NA,NA,NA,NA,NA,NA,NA,NA,NA,NA,NA,NA,NA,NA,NA,NA,NA,NA,NA,NA,NA,NA,NA,NA,NA,NA,NA,NA,NA,NA,NA,NA,NA,NA,NA,NA,NA,NA,NA,NA,NA,NA,NA,NA,NA,NA,NA,NA,"PP TOI%","PP TOI%","PP TOI%","PP TOI%","PP TOI%","PP TOI%","PP TOI%","PP TOI%","PP TOI%","PP TOI%","PP TOI%","PP TOI%","PP TOI%","PP TOI%","PP TOI%","PP TOI%","PP TOI%","PP TOI%","PP TOI%","PP TOI%","PP TOI%"
"70",NA,NA,NA,NA,NA,NA,NA,NA,NA,NA,NA,NA,NA,NA,NA,NA,NA,NA,NA,NA,NA,NA,NA,NA,NA,NA,NA,NA,NA,NA,NA,NA,NA,NA,NA,NA,NA,NA,NA,NA,NA,NA,NA,NA,NA,NA,NA,NA,NA,NA,NA,NA,NA,NA,NA,NA,NA,NA,NA,NA,NA,NA,NA,NA,NA,NA,NA,NA,NA,"PP iSAT/60","PP iSAT/60","PP iSAT/60","PP iSAT/60","PP iSAT/60","PP iSAT/60","PP iSAT/60","PP iSAT/60","PP iSAT/60","PP iSAT/60","PP iSAT/60","PP iSAT/60","PP iSAT/60","PP iSAT/60","PP iSAT/60","PP iSAT/60","PP iSAT/60","PP iSAT/60","PP iSAT/60","PP iSAT/60"
"71",NA,NA,NA,NA,NA,NA,NA,NA,NA,NA,NA,NA,NA,NA,NA,NA,NA,NA,NA,NA,NA,NA,NA,NA,NA,NA,NA,NA,NA,NA,NA,NA,NA,NA,NA,NA,NA,NA,NA,NA,NA,NA,NA,NA,NA,NA,NA,NA,NA,NA,NA,NA,NA,NA,NA,NA,NA,NA,NA,NA,NA,NA,NA,NA,NA,NA,NA,NA,NA,NA,"Minor","Minor","Minor","Minor","Minor","Minor","Minor","Minor","Minor","Minor","Minor","Minor","Minor","Minor","Minor","Minor","Minor","Minor","Minor"
"72",NA,NA,NA,NA,NA,NA,NA,NA,NA,NA,NA,NA,NA,NA,NA,NA,NA,NA,NA,NA,NA,NA,NA,NA,NA,NA,NA,NA,NA,NA,NA,NA,NA,NA,NA,NA,NA,NA,NA,NA,NA,NA,NA,NA,NA,NA,NA,NA,NA,NA,NA,NA,NA,NA,NA,NA,NA,NA,NA,NA,NA,NA,NA,NA,NA,NA,NA,NA,NA,NA,NA,"OZ FO","OZ FO","OZ FO","OZ FO","OZ FO","OZ FO","OZ FO","OZ FO","OZ FO","OZ FO","OZ FO","OZ FO","OZ FO","OZ FO","OZ FO","OZ FO","OZ FO","OZ FO"
"73",NA,NA,NA,NA,NA,NA,NA,NA,NA,NA,NA,NA,NA,NA,NA,NA,NA,NA,NA,NA,NA,NA,NA,NA,NA,NA,NA,NA,NA,NA,NA,NA,NA,NA,NA,NA,NA,NA,NA,NA,NA,NA,NA,NA,NA,NA,NA,NA,NA,NA,NA,NA,NA,NA,NA,NA,NA,NA,NA,NA,NA,NA,NA,NA,NA,NA,NA,NA,NA,NA,NA,NA,"Pen Taken","Pen Taken","Pen Taken","Pen Taken","Pen Taken","Pen Taken","Pen Taken","Pen Taken","Pen Taken","Pen Taken","Pen Taken","Pen Taken","Pen Taken","Pen Taken","Pen Taken","Pen Taken","Pen Taken"
"74",NA,NA,NA,NA,NA,NA,NA,NA,NA,NA,NA,NA,NA,NA,NA,NA,NA,NA,NA,NA,NA,NA,NA,NA,NA,NA,NA,NA,NA,NA,NA,NA,NA,NA,NA,NA,NA,NA,NA,NA,NA,NA,NA,NA,NA,NA,NA,NA,NA,NA,NA,NA,NA,NA,NA,NA,NA,NA,NA,NA,NA,NA,NA,NA,NA,NA,NA,NA,NA,NA,NA,NA,NA,"Pen Drawn/60","Pen Drawn/60","Pen Drawn/60","Pen Drawn/60","Pen Drawn/60","Pen Drawn/60","Pen Drawn/60","Pen Drawn/60","Pen Drawn/60","Pen Drawn/60","Pen Drawn/60","Pen Drawn/60","Pen Drawn/60","Pen Drawn/60","Pen Drawn/60","Pen Drawn/60"
"75",NA,NA,NA,NA,NA,NA,NA,NA,NA,NA,NA,NA,NA,NA,NA,NA,NA,NA,NA,NA,NA,NA,NA,NA,NA,NA,NA,NA,NA,NA,NA,NA,NA,NA,NA,NA,NA,NA,NA,NA,NA,NA,NA,NA,NA,NA,NA,NA,NA,NA,NA,NA,NA,NA,NA,NA,NA,NA,NA,NA,NA,NA,NA,NA,NA,NA,NA,NA,NA,NA,NA,NA,NA,NA,"SH Shots","SH Shots","SH Shots","SH Shots","SH Shots","SH Shots","SH Shots","SH Shots","SH Shots","SH Shots","SH Shots","SH Shots","SH Shots","SH Shots","SH Shots"
"76",NA,NA,NA,NA,NA,NA,NA,NA,NA,NA,NA,NA,NA,NA,NA,NA,NA,NA,NA,NA,NA,NA,NA,NA,NA,NA,NA,NA,NA,NA,NA,NA,NA,NA,NA,NA,NA,NA,NA,NA,NA,NA,NA,NA,NA,NA,NA,NA,NA,NA,NA,NA,NA,NA,NA,NA,NA,NA,NA,NA,NA,NA,NA,NA,NA,NA,NA,NA,NA,NA,NA,NA,NA,NA,NA,"Pen Taken/60","Pen Taken/60","Pen Taken/60","Pen Taken/60","Pen Taken/60","Pen Taken/60","Pen Taken/60","Pen Taken/60","Pen Taken/60","Pen Taken/60","Pen Taken/60","Pen Taken/60","Pen Taken/60","Pen Taken/60"
"77",NA,NA,NA,NA,NA,NA,NA,NA,NA,NA,NA,NA,NA,NA,NA,NA,NA,NA,NA,NA,NA,NA,NA,NA,NA,NA,NA,NA,NA,NA,NA,NA,NA,NA,NA,NA,NA,NA,NA,NA,NA,NA,NA,NA,NA,NA,NA,NA,NA,NA,NA,NA,NA,NA,NA,NA,NA,NA,NA,NA,NA,NA,NA,NA,NA,NA,NA,NA,NA,NA,NA,NA,NA,NA,NA,NA,"PP GA/60","PP GA/60","PP GA/60","PP GA/60","PP GA/60","PP GA/60","PP GA/60","PP GA/60","PP GA/60","PP GA/60","PP GA/60","PP GA/60","PP GA/60"
"78",NA,NA,NA,NA,NA,NA,NA,NA,NA,NA,NA,NA,NA,NA,NA,NA,NA,NA,NA,NA,NA,NA,NA,NA,NA,NA,NA,NA,NA,NA,NA,NA,NA,NA,NA,NA,NA,NA,NA,NA,NA,NA,NA,NA,NA,NA,NA,NA,NA,NA,NA,NA,NA,NA,NA,NA,NA,NA,NA,NA,NA,NA,NA,NA,NA,NA,NA,NA,NA,NA,NA,NA,NA,NA,NA,NA,NA,"SH TOI","SH TOI","SH TOI","SH TOI","SH TOI","SH TOI","SH TOI","SH TOI","SH TOI","SH TOI","SH TOI","SH TOI"
"79",NA,NA,NA,NA,NA,NA,NA,NA,NA,NA,NA,NA,NA,NA,NA,NA,NA,NA,NA,NA,NA,NA,NA,NA,NA,NA,NA,NA,NA,NA,NA,NA,NA,NA,NA,NA,NA,NA,NA,NA,NA,NA,NA,NA,NA,NA,NA,NA,NA,NA,NA,NA,NA,NA,NA,NA,NA,NA,NA,NA,NA,NA,NA,NA,NA,NA,NA,NA,NA,NA,NA,NA,NA,NA,NA,NA,NA,NA,"PP FOW","PP FOW","PP FOW","PP FOW","PP FOW","PP FOW","PP FOW","PP FOW","PP FOW","PP FOW","PP FOW"
"80",NA,NA,NA,NA,NA,NA,NA,NA,NA,NA,NA,NA,NA,NA,NA,NA,NA,NA,NA,NA,NA,NA,NA,NA,NA,NA,NA,NA,NA,NA,NA,NA,NA,NA,NA,NA,NA,NA,NA,NA,NA,NA,NA,NA,NA,NA,NA,NA,NA,NA,NA,NA,NA,NA,NA,NA,NA,NA,NA,NA,NA,NA,NA,NA,NA,NA,NA,NA,NA,NA,NA,NA,NA,NA,NA,NA,NA,NA,NA,"SH S%","SH S%","SH S%","SH S%","SH S%","SH S%","SH S%","SH S%","SH S%","SH S%"
"81",NA,NA,NA,NA,NA,NA,NA,NA,NA,NA,NA,NA,NA,NA,NA,NA,NA,NA,NA,NA,NA,NA,NA,NA,NA,NA,NA,NA,NA,NA,NA,NA,NA,NA,NA,NA,NA,NA,NA,NA,NA,NA,NA,NA,NA,NA,NA,NA,NA,NA,NA,NA,NA,NA,NA,NA,NA,NA,NA,NA,NA,NA,NA,NA,NA,NA,NA,NA,NA,NA,NA,NA,NA,NA,NA,NA,NA,NA,NA,NA,"PP FO","PP FO","PP FO","PP FO","PP FO","PP FO","PP FO","PP FO","PP FO"
"82",NA,NA,NA,NA,NA,NA,NA,NA,NA,NA,NA,NA,NA,NA,NA,NA,NA,NA,NA,NA,NA,NA,NA,NA,NA,NA,NA,NA,NA,NA,NA,NA,NA,NA,NA,NA,NA,NA,NA,NA,NA,NA,NA,NA,NA,NA,NA,NA,NA,NA,NA,NA,NA,NA,NA,NA,NA,NA,NA,NA,NA,NA,NA,NA,NA,NA,NA,NA,NA,NA,NA,NA,NA,NA,NA,NA,NA,NA,NA,NA,NA,"OZ FOW","OZ FOW","OZ FOW","OZ FOW","OZ FOW","OZ FOW","OZ FOW","OZ FOW"
"83",NA,NA,NA,NA,NA,NA,NA,NA,NA,NA,NA,NA,NA,NA,NA,NA,NA,NA,NA,NA,NA,NA,NA,NA,NA,NA,NA,NA,NA,NA,NA,NA,NA,NA,NA,NA,NA,NA,NA,NA,NA,NA,NA,NA,NA,NA,NA,NA,NA,NA,NA,NA,NA,NA,NA,NA,NA,NA,NA,NA,NA,NA,NA,NA,NA,NA,NA,NA,NA,NA,NA,NA,NA,NA,NA,NA,NA,NA,NA,NA,NA,NA,"PP S%","PP S%","PP S%","PP S%","PP S%","PP S%","PP S%"
"84",NA,NA,NA,NA,NA,NA,NA,NA,NA,NA,NA,NA,NA,NA,NA,NA,NA,NA,NA,NA,NA,NA,NA,NA,NA,NA,NA,NA,NA,NA,NA,NA,NA,NA,NA,NA,NA,NA,NA,NA,NA,NA,NA,NA,NA,NA,NA,NA,NA,NA,NA,NA,NA,NA,NA,NA,NA,NA,NA,NA,NA,NA,NA,NA,NA,NA,NA,NA,NA,NA,NA,NA,NA,NA,NA,NA,NA,NA,NA,NA,NA,NA,NA,"Ht","Ht","Ht","Ht","Ht","Ht"
"85",NA,NA,NA,NA,NA,NA,NA,NA,NA,NA,NA,NA,NA,NA,NA,NA,NA,NA,NA,NA,NA,NA,NA,NA,NA,NA,NA,NA,NA,NA,NA,NA,NA,NA,NA,NA,NA,NA,NA,NA,NA,NA,NA,NA,NA,NA,NA,NA,NA,NA,NA,NA,NA,NA,NA,NA,NA,NA,NA,NA,NA,NA,NA,NA,NA,NA,NA,NA,NA,NA,NA,NA,NA,NA,NA,NA,NA,NA,NA,NA,NA,NA,NA,NA,"EV FOW","EV FOW","EV FOW","EV FOW","EV FOW"
"86",NA,NA,NA,NA,NA,NA,NA,NA,NA,NA,NA,NA,NA,NA,NA,NA,NA,NA,NA,NA,NA,NA,NA,NA,NA,NA,NA,NA,NA,NA,NA,NA,NA,NA,NA,NA,NA,NA,NA,NA,NA,NA,NA,NA,NA,NA,NA,NA,NA,NA,NA,NA,NA,NA,NA,NA,NA,NA,NA,NA,NA,NA,NA,NA,NA,NA,NA,NA,NA,NA,NA,NA,NA,NA,NA,NA,NA,NA,NA,NA,NA,NA,NA,NA,NA,"FOW","FOW","FOW","FOW"
"87",NA,NA,NA,NA,NA,NA,NA,NA,NA,NA,NA,NA,NA,NA,NA,NA,NA,NA,NA,NA,NA,NA,NA,NA,NA,NA,NA,NA,NA,NA,NA,NA,NA,NA,NA,NA,NA,NA,NA,NA,NA,NA,NA,NA,NA,NA,NA,NA,NA,NA,NA,NA,NA,NA,NA,NA,NA,NA,NA,NA,NA,NA,NA,NA,NA,NA,NA,NA,NA,NA,NA,NA,NA,NA,NA,NA,NA,NA,NA,NA,NA,NA,NA,NA,NA,NA,"NZ FO","NZ FO","NZ FO"
"88",NA,NA,NA,NA,NA,NA,NA,NA,NA,NA,NA,NA,NA,NA,NA,NA,NA,NA,NA,NA,NA,NA,NA,NA,NA,NA,NA,NA,NA,NA,NA,NA,NA,NA,NA,NA,NA,NA,NA,NA,NA,NA,NA,NA,NA,NA,NA,NA,NA,NA,NA,NA,NA,NA,NA,NA,NA,NA,NA,NA,NA,NA,NA,NA,NA,NA,NA,NA,NA,NA,NA,NA,NA,NA,NA,NA,NA,NA,NA,NA,NA,NA,NA,NA,NA,NA,NA,"Wt","Wt"
"89",NA,NA,NA,NA,NA,NA,NA,NA,NA,NA,NA,NA,NA,NA,NA,NA,NA,NA,NA,NA,NA,NA,NA,NA,NA,NA,NA,NA,NA,NA,NA,NA,NA,NA,NA,NA,NA,NA,NA,NA,NA,NA,NA,NA,NA,NA,NA,NA,NA,NA,NA,NA,NA,NA,NA,NA,NA,NA,NA,NA,NA,NA,NA,NA,NA,NA,NA,NA,NA,NA,NA,NA,NA,NA,NA,NA,NA,NA,NA,NA,NA,NA,NA,NA,NA,NA,NA,NA,"S%"
